,Citation,Link
0,INA §301,/#documents/191
0,INA §301(h),191#jd_ina301h
0,INA §301(g),191#jd_ina301g
0,INA §301(f),191#jd_ina301f
0,INA §301(e),191#jd_ina301e
0,INA §301(d),191#jd_ina301d
0,INA §301(c),191#jd_ina301c
0,INA §301(b),191#jd_ina301b
0,INA §301(a),191#jd_ina301a
0,INA §301,/#documents/191
0,INA §302,/#documents/192
0,INA §302,/#documents/192
0,INA §303,/#documents/193
0,INA §303(b),193#jd_ina303b
0,INA §303(a),193#jd_ina303a
0,INA §304,/#documents/194
0,INA §304,/#documents/194
0,INA §305,/#documents/195
0,INA §305,/#documents/195
0,INA §306,/#documents/196
0,INA §306(b),196#jd_ina306b
0,INA §306(a)(4),196#jd_ina306a4
0,INA §306(a)(3),196#jd_ina306a3
0,INA §306(a)(2),196#jd_ina306a2
0,INA §306(a)(1),196#jd_ina306a1
0,INA §306(a),196#jd_ina306a
